match_id,season,date,winner,fullTimeHomeGoal,fullTimeAwayGoal,halfTimeHomeGoal,halfTimeAwayGoal
418909,2022,2022-08-13,AWAY_TEAM,0.0,2.0,0.0,1.0
418911,2022,2022-08-13,HOME_TEAM,4.0,2.0,2.0,2.0
418905,2022,2022-08-13,AWAY_TEAM,1.0,2.0,0.0,1.0
418910,2022,2022-08-13,AWAY_TEAM,1.0,2.0,0.0,1.0
418907,2022,2022-08-14,HOME_TEAM,3.0,2.0,2.0,1.0
418908,2022,2022-08-14,HOME_TEAM,2.0,1.0,0.0,1.0
418904,2022,2022-08-14,AWAY_TEAM,0.0,1.0,0.0,1.0
418906,2022,2022-08-14,HOME_TEAM,1.0,0.0,1.0,0.0
418913,2022,2022-08-15,AWAY_TEAM,2.0,5.0,1.0,2.0
418912,2022,2022-08-15,HOME_TEAM,3.0,0.0,2.0,0.0
418894,2022,2022-08-20,DRAW,0.0,0.0,0.0,0.0
418895,2022,2022-08-20,DRAW,0.0,0.0,0.0,0.0
418896,2022,2022-08-20,HOME_TEAM,1.0,0.0,1.0,0.0
418900,2022,2022-08-20,HOME_TEAM,3.0,0.0,1.0,0.0
418899,2022,2022-08-21,HOME_TEAM,4.0,0.0,2.0,0.0
418901,2022,2022-08-21,DRAW,0.0,0.0,0.0,0.0
418902,2022,2022-08-21,DRAW,1.0,1.0,1.0,1.0
418903,2022,2022-08-21,DRAW,1.0,1.0,1.0,0.0
418898,2022,2022-08-22,HOME_TEAM,1.0,0.0,0.0,0.0
418897,2022,2022-08-22,DRAW,0.0,0.0,0.0,0.0
418886,2022,2022-08-26,AWAY_TEAM,1.0,2.0,1.0,1.0
418889,2022,2022-08-26,HOME_TEAM,3.0,1.0,1.0,0.0
418890,2022,2022-08-27,DRAW,1.0,1.0,1.0,0.0
418893,2022,2022-08-27,AWAY_TEAM,1.0,2.0,0.0,1.0
418884,2022,2022-08-27,DRAW,2.0,2.0,2.0,1.0
418887,2022,2022-08-27,HOME_TEAM,2.0,0.0,1.0,0.0
418885,2022,2022-08-28,HOME_TEAM,4.0,0.0,2.0,0.0
418891,2022,2022-08-28,AWAY_TEAM,0.0,1.0,0.0,0.0
418888,2022,2022-08-28,DRAW,1.0,1.0,1.0,1.0
418892,2022,2022-08-28,DRAW,0.0,0.0,0.0,0.0
418875,2022,2022-08-30,DRAW,0.0,0.0,0.0,0.0
418877,2022,2022-08-30,HOME_TEAM,3.0,0.0,2.0,0.0
418880,2022,2022-08-30,HOME_TEAM,3.0,1.0,2.0,0.0
418874,2022,2022-08-31,HOME_TEAM,1.0,0.0,1.0,0.0
418876,2022,2022-08-31,DRAW,1.0,1.0,0.0,1.0
418881,2022,2022-08-31,DRAW,1.0,1.0,1.0,0.0
418878,2022,2022-08-31,DRAW,1.0,1.0,1.0,1.0
418879,2022,2022-08-31,HOME_TEAM,2.0,0.0,1.0,0.0
418882,2022,2022-09-01,DRAW,1.0,1.0,0.0,0.0
418883,2022,2022-09-01,HOME_TEAM,3.0,1.0,1.0,0.0
418872,2022,2022-09-03,DRAW,1.0,1.0,1.0,1.0
418869,2022,2022-09-03,HOME_TEAM,3.0,2.0,1.0,1.0
418870,2022,2022-09-03,AWAY_TEAM,1.0,2.0,1.0,1.0
418873,2022,2022-09-04,DRAW,0.0,0.0,0.0,0.0
418866,2022,2022-09-04,DRAW,2.0,2.0,1.0,1.0
418871,2022,2022-09-04,HOME_TEAM,2.0,1.0,2.0,1.0
418864,2022,2022-09-04,HOME_TEAM,4.0,0.0,1.0,0.0
418867,2022,2022-09-05,DRAW,2.0,2.0,1.0,1.0
418868,2022,2022-09-05,AWAY_TEAM,0.0,2.0,0.0,0.0
418865,2022,2022-09-05,HOME_TEAM,1.0,0.0,1.0,0.0
418856,2022,2022-09-10,HOME_TEAM,1.0,0.0,0.0,0.0
418860,2022,2022-09-10,HOME_TEAM,1.0,0.0,0.0,0.0
418855,2022,2022-09-10,AWAY_TEAM,1.0,2.0,0.0,1.0
418863,2022,2022-09-11,DRAW,1.0,1.0,0.0,0.0
418854,2022,2022-09-11,AWAY_TEAM,1.0,3.0,1.0,0.0
418857,2022,2022-09-11,DRAW,1.0,1.0,0.0,1.0
418862,2022,2022-09-11,HOME_TEAM,2.0,1.0,0.0,0.0
418858,2022,2022-09-11,HOME_TEAM,2.0,0.0,0.0,0.0
418859,2022,2022-09-11,DRAW,2.0,2.0,0.0,2.0
418861,2022,2022-09-12,AWAY_TEAM,1.0,2.0,1.0,1.0
418847,2022,2022-09-16,AWAY_TEAM,1.0,2.0,0.0,1.0
418853,2022,2022-09-17,AWAY_TEAM,0.0,1.0,0.0,0.0
418846,2022,2022-09-17,HOME_TEAM,2.0,1.0,1.0,1.0
418845,2022,2022-09-17,AWAY_TEAM,0.0,1.0,0.0,0.0
418844,2022,2022-09-18,HOME_TEAM,3.0,1.0,1.0,1.0
418849,2022,2022-09-18,HOME_TEAM,1.0,0.0,0.0,0.0
418851,2022,2022-09-18,HOME_TEAM,2.0,0.0,1.0,0.0
418852,2022,2022-09-18,AWAY_TEAM,0.0,4.0,0.0,3.0
418848,2022,2022-09-18,AWAY_TEAM,0.0,1.0,0.0,1.0
418850,2022,2022-09-18,AWAY_TEAM,1.0,2.0,0.0,0.0
418836,2022,2022-10-01,HOME_TEAM,3.0,1.0,3.0,1.0
418840,2022,2022-10-01,AWAY_TEAM,1.0,2.0,1.0,1.0
418842,2022,2022-10-01,AWAY_TEAM,1.0,3.0,0.0,0.0
418838,2022,2022-10-02,HOME_TEAM,4.0,0.0,2.0,0.0
418834,2022,2022-10-02,HOME_TEAM,5.0,0.0,2.0,0.0
418835,2022,2022-10-02,AWAY_TEAM,0.0,3.0,0.0,1.0
418837,2022,2022-10-02,DRAW,1.0,1.0,1.0,1.0
418843,2022,2022-10-02,HOME_TEAM,1.0,0.0,0.0,0.0
418839,2022,2022-10-02,HOME_TEAM,3.0,0.0,1.0,0.0
418841,2022,2022-10-03,AWAY_TEAM,1.0,2.0,1.0,0.0
418826,2022,2022-10-08,AWAY_TEAM,1.0,2.0,0.0,1.0
418830,2022,2022-10-08,HOME_TEAM,2.0,0.0,1.0,0.0
418833,2022,2022-10-08,DRAW,1.0,1.0,1.0,0.0
418825,2022,2022-10-09,DRAW,1.0,1.0,0.0,0.0
418824,2022,2022-10-09,DRAW,2.0,2.0,0.0,1.0
418827,2022,2022-10-09,HOME_TEAM,2.0,1.0,1.0,0.0
418829,2022,2022-10-09,HOME_TEAM,2.0,0.0,1.0,0.0
418832,2022,2022-10-09,AWAY_TEAM,1.0,4.0,0.0,1.0
418828,2022,2022-10-09,HOME_TEAM,2.0,1.0,1.0,1.0
418831,2022,2022-10-10,AWAY_TEAM,0.0,4.0,0.0,2.0
418822,2022,2022-10-15,HOME_TEAM,1.0,0.0,1.0,0.0
418814,2022,2022-10-15,AWAY_TEAM,0.0,1.0,0.0,0.0
418823,2022,2022-10-15,HOME_TEAM,2.0,1.0,1.0,1.0
418820,2022,2022-10-16,HOME_TEAM,2.0,0.0,1.0,0.0
418819,2022,2022-10-16,DRAW,0.0,0.0,0.0,0.0
418815,2022,2022-10-16,DRAW,2.0,2.0,2.0,1.0
418817,2022,2022-10-16,HOME_TEAM,3.0,2.0,1.0,1.0
418821,2022,2022-10-16,AWAY_TEAM,1.0,2.0,1.0,1.0
418816,2022,2022-10-17,AWAY_TEAM,0.0,1.0,0.0,1.0
418818,2022,2022-10-17,DRAW,1.0,1.0,1.0,0.0
418809,2022,2022-10-21,HOME_TEAM,4.0,0.0,1.0,0.0
418806,2022,2022-10-22,HOME_TEAM,1.0,0.0,0.0,0.0
418808,2022,2022-10-22,HOME_TEAM,4.0,1.0,2.0,0.0
418810,2022,2022-10-22,AWAY_TEAM,3.0,4.0,1.0,2.0
418804,2022,2022-10-23,AWAY_TEAM,1.0,2.0,1.0,1.0
418812,2022,2022-10-23,HOME_TEAM,2.0,0.0,2.0,0.0
418813,2022,2022-10-23,AWAY_TEAM,0.0,2.0,0.0,1.0
418807,2022,2022-10-23,AWAY_TEAM,0.0,1.0,0.0,0.0
418811,2022,2022-10-24,AWAY_TEAM,0.0,1.0,0.0,0.0
418805,2022,2022-10-24,HOME_TEAM,2.0,1.0,1.0,1.0
418796,2022,2022-10-29,HOME_TEAM,4.0,0.0,3.0,0.0
418798,2022,2022-10-29,AWAY_TEAM,0.0,1.0,0.0,0.0
418800,2022,2022-10-29,HOME_TEAM,3.0,0.0,2.0,0.0
418802,2022,2022-10-30,AWAY_TEAM,0.0,2.0,0.0,1.0
418795,2022,2022-10-30,AWAY_TEAM,1.0,2.0,1.0,1.0
418803,2022,2022-10-30,DRAW,0.0,0.0,0.0,0.0
418799,2022,2022-10-30,AWAY_TEAM,1.0,3.0,1.0,0.0
418794,2022,2022-10-30,HOME_TEAM,2.0,1.0,2.0,0.0
418801,2022,2022-10-31,AWAY_TEAM,1.0,3.0,1.0,1.0
418797,2022,2022-10-31,AWAY_TEAM,1.0,2.0,0.0,0.0
418784,2022,2022-11-04,DRAW,1.0,1.0,0.0,1.0
418786,2022,2022-11-05,DRAW,2.0,2.0,2.0,1.0
418791,2022,2022-11-05,HOME_TEAM,1.0,0.0,0.0,0.0
418793,2022,2022-11-05,AWAY_TEAM,1.0,2.0,1.0,2.0
418789,2022,2022-11-05,HOME_TEAM,2.0,1.0,1.0,0.0
418792,2022,2022-11-06,HOME_TEAM,2.0,1.0,0.0,1.0
418785,2022,2022-11-06,AWAY_TEAM,0.0,2.0,0.0,1.0
418788,2022,2022-11-06,HOME_TEAM,2.0,0.0,0.0,0.0
418787,2022,2022-11-06,AWAY_TEAM,0.0,1.0,0.0,1.0
418790,2022,2022-11-06,HOME_TEAM,2.0,0.0,0.0,0.0
418775,2022,2022-11-08,DRAW,1.0,1.0,1.0,1.0
418777,2022,2022-11-08,HOME_TEAM,2.0,0.0,0.0,0.0
418783,2022,2022-11-08,DRAW,0.0,0.0,0.0,0.0
418776,2022,2022-11-09,DRAW,1.0,1.0,0.0,0.0
418778,2022,2022-11-09,HOME_TEAM,2.0,1.0,2.0,1.0
418774,2022,2022-11-09,HOME_TEAM,2.0,0.0,1.0,0.0
418780,2022,2022-11-09,HOME_TEAM,6.0,1.0,3.0,1.0
418782,2022,2022-11-09,HOME_TEAM,2.0,1.0,1.0,0.0
418781,2022,2022-11-10,AWAY_TEAM,0.0,1.0,0.0,0.0
418779,2022,2022-11-10,HOME_TEAM,1.0,0.0,0.0,0.0
418771,2022,2022-11-11,HOME_TEAM,2.0,0.0,0.0,0.0
418766,2022,2022-11-12,HOME_TEAM,3.0,2.0,2.0,0.0
418764,2022,2022-11-12,AWAY_TEAM,0.0,2.0,0.0,1.0
418772,2022,2022-11-12,HOME_TEAM,3.0,0.0,1.0,0.0
418773,2022,2022-11-13,AWAY_TEAM,2.0,3.0,1.0,1.0
418765,2022,2022-11-13,DRAW,1.0,1.0,0.0,0.0
418767,2022,2022-11-13,HOME_TEAM,3.0,0.0,2.0,0.0
418770,2022,2022-11-13,AWAY_TEAM,1.0,2.0,1.0,0.0
418768,2022,2022-11-13,HOME_TEAM,2.0,1.0,1.0,1.0
418769,2022,2022-11-13,HOME_TEAM,3.0,0.0,1.0,0.0
418757,2022,2023-01-04,AWAY_TEAM,1.0,2.0,0.0,2.0
418758,2022,2023-01-04,AWAY_TEAM,1.0,2.0,0.0,2.0
418755,2022,2023-01-04,DRAW,1.0,1.0,0.0,1.0
418756,2022,2023-01-04,DRAW,2.0,2.0,2.0,0.0
418759,2022,2023-01-04,HOME_TEAM,1.0,0.0,1.0,0.0
418760,2022,2023-01-04,HOME_TEAM,2.0,1.0,0.0,1.0
418762,2022,2023-01-04,DRAW,1.0,1.0,1.0,0.0
418763,2022,2023-01-04,AWAY_TEAM,0.0,1.0,0.0,0.0
418754,2022,2023-01-04,DRAW,1.0,1.0,0.0,1.0
418761,2022,2023-01-04,HOME_TEAM,1.0,0.0,0.0,0.0
418752,2022,2023-01-07,HOME_TEAM,2.0,1.0,0.0,0.0
418750,2022,2023-01-07,HOME_TEAM,1.0,0.0,0.0,0.0
418747,2022,2023-01-07,DRAW,2.0,2.0,1.0,2.0
418746,2022,2023-01-08,DRAW,1.0,1.0,0.0,1.0
418744,2022,2023-01-08,DRAW,0.0,0.0,0.0,0.0
418749,2022,2023-01-08,DRAW,2.0,2.0,1.0,0.0
418745,2022,2023-01-08,AWAY_TEAM,0.0,2.0,0.0,1.0
418748,2022,2023-01-08,DRAW,2.0,2.0,1.0,0.0
418751,2022,2023-01-09,HOME_TEAM,2.0,0.0,2.0,0.0
418753,2022,2023-01-09,AWAY_TEAM,1.0,2.0,1.0,0.0
418738,2022,2023-01-13,HOME_TEAM,5.0,1.0,2.0,1.0
418742,2022,2023-01-14,AWAY_TEAM,2.0,3.0,0.0,2.0
418739,2022,2023-01-14,DRAW,2.0,2.0,2.0,0.0
418740,2022,2023-01-14,HOME_TEAM,1.0,0.0,1.0,0.0
418736,2022,2023-01-15,AWAY_TEAM,0.0,2.0,0.0,1.0
418734,2022,2023-01-15,AWAY_TEAM,1.0,2.0,1.0,0.0
418735,2022,2023-01-15,AWAY_TEAM,0.0,1.0,0.0,1.0
418743,2022,2023-01-15,HOME_TEAM,8.0,2.0,5.0,1.0
418737,2022,2023-01-15,HOME_TEAM,2.0,0.0,1.0,0.0
418741,2022,2023-01-16,HOME_TEAM,1.0,0.0,0.0,0.0
418731,2022,2023-01-21,HOME_TEAM,2.0,0.0,1.0,0.0
418726,2022,2023-01-21,AWAY_TEAM,0.0,2.0,0.0,1.0
418732,2022,2023-01-21,AWAY_TEAM,0.0,1.0,0.0,1.0
418725,2022,2023-01-22,AWAY_TEAM,0.0,1.0,0.0,0.0
418727,2022,2023-01-22,DRAW,1.0,1.0,0.0,1.0
418724,2022,2023-01-22,AWAY_TEAM,0.0,2.0,0.0,1.0
418729,2022,2023-01-22,DRAW,3.0,3.0,2.0,1.0
418733,2022,2023-01-23,DRAW,1.0,1.0,0.0,0.0
418730,2022,2023-01-23,AWAY_TEAM,0.0,1.0,0.0,0.0
418728,2022,2023-01-24,HOME_TEAM,4.0,0.0,2.0,0.0
418722,2022,2023-01-27,HOME_TEAM,2.0,0.0,1.0,0.0
418717,2022,2023-01-27,AWAY_TEAM,1.0,2.0,1.0,2.0
418720,2022,2023-01-28,DRAW,2.0,2.0,1.0,0.0
418721,2022,2023-01-28,AWAY_TEAM,1.0,2.0,1.0,1.0
418723,2022,2023-01-28,HOME_TEAM,2.0,0.0,1.0,0.0
418716,2022,2023-01-29,AWAY_TEAM,2.0,5.0,1.0,3.0
418719,2022,2023-01-29,AWAY_TEAM,0.0,2.0,0.0,2.0
418718,2022,2023-01-29,DRAW,1.0,1.0,1.0,0.0
418715,2022,2023-01-29,HOME_TEAM,2.0,1.0,1.0,0.0
418714,2022,2023-01-30,DRAW,1.0,1.0,1.0,1.0
418713,2022,2023-02-04,AWAY_TEAM,0.0,2.0,0.0,0.0
418708,2022,2023-02-04,HOME_TEAM,2.0,0.0,2.0,0.0
418706,2022,2023-02-04,HOME_TEAM,1.0,0.0,0.0,0.0
418705,2022,2023-02-05,AWAY_TEAM,0.0,3.0,0.0,0.0
418704,2022,2023-02-05,HOME_TEAM,1.0,0.0,0.0,0.0
418712,2022,2023-02-05,AWAY_TEAM,1.0,2.0,1.0,1.0
418710,2022,2023-02-05,HOME_TEAM,1.0,0.0,1.0,0.0
418711,2022,2023-02-06,DRAW,1.0,1.0,0.0,1.0
418709,2022,2023-02-06,DRAW,2.0,2.0,1.0,1.0
418707,2022,2023-02-07,AWAY_TEAM,0.0,3.0,0.0,2.0
418697,2022,2023-02-10,HOME_TEAM,1.0,0.0,0.0,0.0
418702,2022,2023-02-11,DRAW,2.0,2.0,0.0,2.0
418698,2022,2023-02-11,DRAW,1.0,1.0,1.0,1.0
418699,2022,2023-02-11,AWAY_TEAM,0.0,2.0,0.0,1.0
418694,2022,2023-02-12,DRAW,2.0,2.0,2.0,2.0
418703,2022,2023-02-12,AWAY_TEAM,0.0,1.0,0.0,1.0
418700,2022,2023-02-12,HOME_TEAM,1.0,0.0,1.0,0.0
418696,2022,2023-02-12,HOME_TEAM,3.0,0.0,1.0,0.0
418701,2022,2023-02-13,HOME_TEAM,1.0,0.0,1.0,0.0
418695,2022,2023-02-13,DRAW,0.0,0.0,0.0,0.0
418686,2022,2023-02-17,AWAY_TEAM,0.0,2.0,0.0,2.0
418687,2022,2023-02-18,AWAY_TEAM,1.0,2.0,0.0,1.0
418690,2022,2023-02-18,AWAY_TEAM,0.0,1.0,0.0,1.0
418691,2022,2023-02-18,HOME_TEAM,3.0,1.0,1.0,1.0
418693,2022,2023-02-19,AWAY_TEAM,1.0,2.0,0.0,1.0
418688,2022,2023-02-19,AWAY_TEAM,0.0,2.0,0.0,0.0
418692,2022,2023-02-19,DRAW,1.0,1.0,0.0,1.0
418685,2022,2023-02-19,AWAY_TEAM,0.0,2.0,0.0,1.0
418689,2022,2023-02-19,HOME_TEAM,1.0,0.0,1.0,0.0
418684,2022,2023-02-20,DRAW,2.0,2.0,1.0,0.0
418681,2022,2023-02-25,AWAY_TEAM,0.0,2.0,0.0,2.0
418677,2022,2023-02-25,AWAY_TEAM,0.0,1.0,0.0,0.0
418683,2022,2023-02-26,HOME_TEAM,1.0,0.0,0.0,0.0
418675,2022,2023-02-26,HOME_TEAM,3.0,0.0,0.0,0.0
418674,2022,2023-02-26,DRAW,2.0,2.0,1.0,1.0
418676,2022,2023-02-26,HOME_TEAM,2.0,0.0,1.0,0.0
418680,2022,2023-02-27,AWAY_TEAM,0.0,3.0,0.0,2.0
418678,2022,2023-02-27,HOME_TEAM,1.0,0.0,0.0,0.0
418682,2022,2023-02-28,HOME_TEAM,2.0,1.0,1.0,0.0
418679,2022,2023-02-28,HOME_TEAM,4.0,2.0,2.0,2.0
418669,2022,2023-03-03,AWAY_TEAM,0.0,1.0,0.0,0.0
418670,2022,2023-03-04,HOME_TEAM,2.0,1.0,1.0,0.0
418673,2022,2023-03-04,DRAW,0.0,0.0,0.0,0.0
418672,2022,2023-03-04,HOME_TEAM,2.0,1.0,0.0,0.0
418665,2022,2023-03-05,DRAW,0.0,0.0,0.0,0.0
418667,2022,2023-03-05,DRAW,0.0,0.0,0.0,0.0
418671,2022,2023-03-05,HOME_TEAM,2.0,0.0,1.0,0.0
418668,2022,2023-03-05,HOME_TEAM,1.0,0.0,0.0,0.0
418666,2022,2023-03-06,HOME_TEAM,3.0,2.0,2.0,0.0
418664,2022,2023-03-06,HOME_TEAM,1.0,0.0,1.0,0.0
418654,2022,2023-03-10,HOME_TEAM,2.0,1.0,0.0,0.0
418661,2022,2023-03-11,AWAY_TEAM,0.0,1.0,0.0,0.0
418656,2022,2023-03-11,HOME_TEAM,2.0,0.0,0.0,0.0
418663,2022,2023-03-11,DRAW,0.0,0.0,0.0,0.0
418658,2022,2023-03-12,AWAY_TEAM,0.0,2.0,0.0,2.0
418660,2022,2023-03-12,DRAW,1.0,1.0,0.0,0.0
418662,2022,2023-03-12,AWAY_TEAM,0.0,2.0,0.0,1.0
418655,2022,2023-03-12,AWAY_TEAM,3.0,4.0,1.0,3.0
418659,2022,2023-03-12,HOME_TEAM,4.0,2.0,2.0,2.0
418657,2022,2023-03-13,DRAW,1.0,1.0,1.0,0.0
418646,2022,2023-03-17,HOME_TEAM,1.0,0.0,0.0,0.0
418653,2022,2023-03-17,HOME_TEAM,2.0,1.0,0.0,1.0
418649,2022,2023-03-18,DRAW,1.0,1.0,0.0,0.0
418648,2022,2023-03-18,DRAW,2.0,2.0,1.0,1.0
418644,2022,2023-03-18,HOME_TEAM,3.0,1.0,2.0,1.0
418647,2022,2023-03-19,HOME_TEAM,3.0,1.0,2.0,0.0
418645,2022,2023-03-19,AWAY_TEAM,0.0,4.0,0.0,2.0
418652,2022,2023-03-19,HOME_TEAM,1.0,0.0,1.0,0.0
418650,2022,2023-03-19,HOME_TEAM,1.0,0.0,0.0,0.0
418651,2022,2023-03-19,AWAY_TEAM,0.0,1.0,0.0,1.0
418642,2022,2023-04-01,AWAY_TEAM,1.0,3.0,0.0,1.0
418640,2022,2023-04-01,AWAY_TEAM,0.0,1.0,0.0,0.0
418639,2022,2023-04-01,HOME_TEAM,1.0,0.0,0.0,0.0
418643,2022,2023-04-02,HOME_TEAM,3.0,0.0,2.0,0.0
418634,2022,2023-04-02,DRAW,1.0,1.0,0.0,1.0
418638,2022,2023-04-02,AWAY_TEAM,0.0,2.0,0.0,1.0
418636,2022,2023-04-02,HOME_TEAM,3.0,0.0,0.0,0.0
418637,2022,2023-04-02,AWAY_TEAM,0.0,4.0,0.0,2.0
418641,2022,2023-04-03,HOME_TEAM,1.0,0.0,0.0,0.0
418635,2022,2023-04-03,DRAW,1.0,1.0,1.0,0.0
418627,2022,2023-04-07,DRAW,1.0,1.0,0.0,1.0
418629,2022,2023-04-07,AWAY_TEAM,1.0,2.0,0.0,1.0
418628,2022,2023-04-07,DRAW,0.0,0.0,0.0,0.0
418624,2022,2023-04-08,DRAW,2.0,2.0,1.0,0.0
418632,2022,2023-04-08,DRAW,1.0,1.0,1.0,1.0
418626,2022,2023-04-08,AWAY_TEAM,2.0,3.0,1.0,1.0
418633,2022,2023-04-08,AWAY_TEAM,0.0,2.0,0.0,0.0
418625,2022,2023-04-08,AWAY_TEAM,0.0,1.0,0.0,1.0
418631,2022,2023-04-08,HOME_TEAM,2.0,1.0,0.0,1.0
418630,2022,2023-04-08,HOME_TEAM,2.0,1.0,1.0,1.0
418622,2022,2023-04-14,HOME_TEAM,1.0,0.0,1.0,0.0
418615,2022,2023-04-14,AWAY_TEAM,0.0,3.0,0.0,1.0
418623,2022,2023-04-15,DRAW,1.0,1.0,1.0,1.0
418618,2022,2023-04-15,DRAW,0.0,0.0,0.0,0.0
418620,2022,2023-04-15,AWAY_TEAM,0.0,1.0,0.0,0.0
418619,2022,2023-04-16,DRAW,1.0,1.0,1.0,0.0
418614,2022,2023-04-16,DRAW,1.0,1.0,0.0,1.0
418616,2022,2023-04-16,HOME_TEAM,1.0,0.0,0.0,0.0
418617,2022,2023-04-16,HOME_TEAM,3.0,0.0,1.0,0.0
418621,2022,2023-04-17,DRAW,1.0,1.0,0.0,1.0
418611,2022,2023-04-21,HOME_TEAM,2.0,1.0,1.0,0.0
418606,2022,2023-04-22,HOME_TEAM,3.0,0.0,2.0,0.0
418609,2022,2023-04-22,AWAY_TEAM,0.0,1.0,0.0,1.0
418605,2022,2023-04-22,DRAW,1.0,1.0,1.0,0.0
418612,2022,2023-04-23,AWAY_TEAM,0.0,3.0,0.0,0.0
418604,2022,2023-04-23,HOME_TEAM,3.0,0.0,3.0,0.0
418607,2022,2023-04-23,HOME_TEAM,3.0,2.0,2.0,2.0
418608,2022,2023-04-23,HOME_TEAM,2.0,0.0,1.0,0.0
418610,2022,2023-04-23,AWAY_TEAM,0.0,1.0,0.0,0.0
418613,2022,2023-04-24,HOME_TEAM,3.0,1.0,1.0,0.0
418599,2022,2023-04-28,HOME_TEAM,1.0,0.0,0.0,0.0
418595,2022,2023-04-28,AWAY_TEAM,0.0,2.0,0.0,1.0
418597,2022,2023-04-29,DRAW,1.0,1.0,0.0,0.0
418594,2022,2023-04-29,AWAY_TEAM,1.0,2.0,0.0,1.0
418600,2022,2023-04-30,HOME_TEAM,3.0,1.0,0.0,1.0
418596,2022,2023-04-30,HOME_TEAM,2.0,1.0,0.0,1.0
418598,2022,2023-04-30,DRAW,1.0,1.0,0.0,0.0
418602,2022,2023-04-30,DRAW,1.0,1.0,1.0,0.0
418601,2022,2023-04-30,HOME_TEAM,5.0,0.0,1.0,0.0
418603,2022,2023-04-30,DRAW,1.0,1.0,1.0,0.0
418585,2022,2023-05-03,AWAY_TEAM,0.0,2.0,0.0,1.0
418586,2022,2023-05-03,DRAW,3.0,3.0,1.0,1.0
418590,2022,2023-05-03,HOME_TEAM,2.0,1.0,2.0,1.0
418593,2022,2023-05-03,HOME_TEAM,3.0,2.0,1.0,1.0
418587,2022,2023-05-03,DRAW,1.0,1.0,1.0,1.0
418588,2022,2023-05-03,DRAW,1.0,1.0,0.0,0.0
418589,2022,2023-05-03,HOME_TEAM,2.0,0.0,1.0,0.0
418591,2022,2023-05-03,AWAY_TEAM,0.0,6.0,0.0,3.0
418584,2022,2023-05-04,DRAW,1.0,1.0,1.0,0.0
418592,2022,2023-05-04,HOME_TEAM,3.0,1.0,2.0,0.0
418579,2022,2023-05-06,HOME_TEAM,2.0,0.0,2.0,0.0
418577,2022,2023-05-06,AWAY_TEAM,0.0,2.0,0.0,1.0
418582,2022,2023-05-06,HOME_TEAM,2.0,0.0,1.0,0.0
418583,2022,2023-05-07,AWAY_TEAM,0.0,2.0,0.0,0.0
418575,2022,2023-05-07,DRAW,1.0,1.0,0.0,0.0
418578,2022,2023-05-07,HOME_TEAM,1.0,0.0,0.0,0.0
418580,2022,2023-05-07,AWAY_TEAM,0.0,1.0,0.0,0.0
418574,2022,2023-05-08,HOME_TEAM,2.0,0.0,2.0,0.0
418581,2022,2023-05-08,HOME_TEAM,2.0,1.0,1.0,0.0
418576,2022,2023-05-08,DRAW,1.0,1.0,1.0,1.0
418568,2022,2023-05-12,DRAW,2.0,2.0,1.0,1.0
418566,2022,2023-05-13,HOME_TEAM,1.0,0.0,0.0,0.0
418564,2022,2023-05-13,HOME_TEAM,2.0,0.0,0.0,0.0
418570,2022,2023-05-13,HOME_TEAM,4.0,2.0,1.0,0.0
418571,2022,2023-05-14,AWAY_TEAM,0.0,1.0,0.0,1.0
418567,2022,2023-05-14,HOME_TEAM,2.0,0.0,1.0,0.0
418572,2022,2023-05-14,HOME_TEAM,2.0,0.0,1.0,0.0
418573,2022,2023-05-14,DRAW,0.0,0.0,0.0,0.0
418569,2022,2023-05-14,HOME_TEAM,2.0,0.0,0.0,0.0
418565,2022,2023-05-15,DRAW,1.0,1.0,1.0,0.0
418556,2022,2023-05-19,AWAY_TEAM,1.0,2.0,1.0,0.0
418562,2022,2023-05-20,AWAY_TEAM,1.0,5.0,0.0,3.0
418563,2022,2023-05-20,HOME_TEAM,3.0,1.0,1.0,1.0
418559,2022,2023-05-20,HOME_TEAM,5.0,1.0,3.0,1.0
418560,2022,2023-05-21,DRAW,0.0,0.0,0.0,0.0
418555,2022,2023-05-21,DRAW,1.0,1.0,0.0,0.0
418558,2022,2023-05-21,HOME_TEAM,3.0,1.0,0.0,0.0
418554,2022,2023-05-21,AWAY_TEAM,0.0,1.0,0.0,0.0
418557,2022,2023-05-22,DRAW,2.0,2.0,0.0,1.0
418561,2022,2023-05-22,HOME_TEAM,4.0,1.0,2.0,0.0
418545,2022,2023-05-26,DRAW,2.0,2.0,1.0,2.0
418544,2022,2023-05-27,AWAY_TEAM,0.0,4.0,0.0,1.0
418546,2022,2023-05-27,HOME_TEAM,3.0,2.0,1.0,2.0
418552,2022,2023-05-27,HOME_TEAM,2.0,1.0,0.0,1.0
418550,2022,2023-05-27,HOME_TEAM,3.0,2.0,2.0,1.0
418551,2022,2023-05-28,DRAW,1.0,1.0,0.0,0.0
418547,2022,2023-05-28,AWAY_TEAM,0.0,1.0,0.0,0.0
418553,2022,2023-05-28,DRAW,2.0,2.0,0.0,1.0
418548,2022,2023-05-28,HOME_TEAM,3.0,2.0,2.0,0.0
418549,2022,2023-05-28,AWAY_TEAM,0.0,1.0,0.0,1.0
418536,2022,2023-06-02,AWAY_TEAM,1.0,3.0,0.0,0.0
418535,2022,2023-06-03,AWAY_TEAM,0.0,1.0,0.0,1.0
418541,2022,2023-06-03,AWAY_TEAM,0.0,2.0,0.0,0.0
418542,2022,2023-06-03,HOME_TEAM,2.0,0.0,1.0,0.0
418538,2022,2023-06-04,HOME_TEAM,2.0,0.0,0.0,0.0
418534,2022,2023-06-04,AWAY_TEAM,0.0,1.0,0.0,0.0
418537,2022,2023-06-04,HOME_TEAM,2.0,1.0,1.0,1.0
418539,2022,2023-06-04,HOME_TEAM,3.0,1.0,1.0,0.0
418540,2022,2023-06-04,AWAY_TEAM,2.0,3.0,1.0,0.0
418543,2022,2023-06-04,HOME_TEAM,5.0,2.0,2.0,0.0
444255,2023,2023-08-19,AWAY_TEAM,0.0,1.0,0.0,0.0
444256,2023,2023-08-19,AWAY_TEAM,1.0,3.0,1.0,2.0
444257,2023,2023-08-19,AWAY_TEAM,1.0,4.0,0.0,3.0
444258,2023,2023-08-19,HOME_TEAM,2.0,0.0,1.0,0.0
444260,2023,2023-08-20,DRAW,2.0,2.0,1.0,1.0
444261,2023,2023-08-20,AWAY_TEAM,0.0,2.0,0.0,0.0
444259,2023,2023-08-20,HOME_TEAM,2.0,1.0,0.0,1.0
444263,2023,2023-08-20,AWAY_TEAM,0.0,3.0,0.0,3.0
444262,2023,2023-08-21,DRAW,0.0,0.0,0.0,0.0
444254,2023,2023-08-21,AWAY_TEAM,0.0,2.0,0.0,2.0
444266,2023,2023-08-26,HOME_TEAM,2.0,1.0,2.0,0.0
444271,2023,2023-08-26,HOME_TEAM,2.0,0.0,1.0,0.0
444267,2023,2023-08-26,HOME_TEAM,2.0,1.0,2.0,0.0
444270,2023,2023-08-26,HOME_TEAM,4.0,1.0,3.0,1.0
444265,2023,2023-08-27,DRAW,2.0,2.0,2.0,0.0
444268,2023,2023-08-27,DRAW,1.0,1.0,0.0,1.0
444269,2023,2023-08-27,AWAY_TEAM,0.0,1.0,0.0,1.0
444272,2023,2023-08-27,HOME_TEAM,2.0,0.0,1.0,0.0
444273,2023,2023-08-28,DRAW,1.0,1.0,0.0,0.0
444264,2023,2023-08-28,AWAY_TEAM,0.0,2.0,0.0,2.0
444281,2023,2023-09-01,HOME_TEAM,3.0,1.0,1.0,0.0
444280,2023,2023-09-01,AWAY_TEAM,1.0,2.0,0.0,1.0
444275,2023,2023-09-02,HOME_TEAM,2.0,1.0,0.0,1.0
444283,2023,2023-09-02,DRAW,0.0,0.0,0.0,0.0
444274,2023,2023-09-02,HOME_TEAM,3.0,0.0,2.0,0.0
444279,2023,2023-09-02,AWAY_TEAM,1.0,2.0,1.0,1.0
444277,2023,2023-09-03,HOME_TEAM,4.0,0.0,1.0,0.0
444282,2023,2023-09-03,HOME_TEAM,1.0,0.0,0.0,0.0
444276,2023,2023-09-03,AWAY_TEAM,0.0,2.0,0.0,1.0
444278,2023,2023-09-03,HOME_TEAM,2.0,0.0,1.0,0.0
444290,2023,2023-09-16,HOME_TEAM,3.0,1.0,2.0,0.0
444289,2023,2023-09-16,HOME_TEAM,5.0,1.0,2.0,0.0
444287,2023,2023-09-16,DRAW,2.0,2.0,1.0,0.0
444284,2023,2023-09-17,DRAW,0.0,0.0,0.0,0.0
444286,2023,2023-09-17,HOME_TEAM,4.0,2.0,1.0,2.0
444291,2023,2023-09-17,DRAW,1.0,1.0,1.0,1.0
444285,2023,2023-09-17,HOME_TEAM,3.0,2.0,2.0,1.0
444292,2023,2023-09-17,HOME_TEAM,7.0,0.0,3.0,0.0
444293,2023,2023-09-18,AWAY_TEAM,0.0,3.0,0.0,2.0
444288,2023,2023-09-18,DRAW,0.0,0.0,0.0,0.0
444300,2023,2023-09-22,DRAW,1.0,1.0,0.0,1.0
444298,2023,2023-09-22,HOME_TEAM,1.0,0.0,0.0,0.0
444299,2023,2023-09-23,HOME_TEAM,1.0,0.0,1.0,0.0
444301,2023,2023-09-23,HOME_TEAM,4.0,2.0,2.0,1.0
444297,2023,2023-09-23,DRAW,1.0,1.0,1.0,1.0
444296,2023,2023-09-24,AWAY_TEAM,0.0,1.0,0.0,0.0
444294,2023,2023-09-24,HOME_TEAM,2.0,0.0,1.0,0.0
444303,2023,2023-09-24,AWAY_TEAM,0.0,2.0,0.0,1.0
444295,2023,2023-09-24,DRAW,0.0,0.0,0.0,0.0
444302,2023,2023-09-24,DRAW,1.0,1.0,0.0,0.0
444310,2023,2023-09-26,HOME_TEAM,1.0,0.0,0.0,0.0
444304,2023,2023-09-27,AWAY_TEAM,1.0,3.0,1.0,2.0
444305,2023,2023-09-27,HOME_TEAM,1.0,0.0,1.0,0.0
444308,2023,2023-09-27,AWAY_TEAM,0.0,1.0,0.0,1.0
444309,2023,2023-09-27,AWAY_TEAM,1.0,2.0,1.0,0.0
444311,2023,2023-09-27,HOME_TEAM,2.0,0.0,0.0,0.0
444313,2023,2023-09-27,HOME_TEAM,4.0,1.0,2.0,0.0
444306,2023,2023-09-28,DRAW,1.0,1.0,0.0,1.0
444312,2023,2023-09-28,DRAW,0.0,0.0,0.0,0.0
444307,2023,2023-09-28,HOME_TEAM,4.0,1.0,2.0,1.0
444317,2023,2023-09-30,AWAY_TEAM,0.0,4.0,0.0,1.0
444318,2023,2023-09-30,HOME_TEAM,2.0,0.0,0.0,0.0
444320,2023,2023-09-30,AWAY_TEAM,0.0,4.0,0.0,0.0
444315,2023,2023-10-01,HOME_TEAM,3.0,0.0,1.0,0.0
444323,2023,2023-10-01,DRAW,2.0,2.0,1.0,2.0
444314,2023,2023-10-01,DRAW,0.0,0.0,0.0,0.0
444319,2023,2023-10-01,HOME_TEAM,2.0,0.0,1.0,0.0
444321,2023,2023-10-02,AWAY_TEAM,0.0,1.0,0.0,0.0
444322,2023,2023-10-02,DRAW,0.0,0.0,0.0,0.0
444316,2023,2023-10-02,HOME_TEAM,3.0,0.0,2.0,0.0
444325,2023,2023-10-06,DRAW,0.0,0.0,0.0,0.0
444331,2023,2023-10-06,DRAW,1.0,1.0,0.0,1.0
444328,2023,2023-10-07,DRAW,2.0,2.0,2.0,1.0
444329,2023,2023-10-07,HOME_TEAM,2.0,0.0,0.0,0.0
444327,2023,2023-10-07,AWAY_TEAM,0.0,1.0,0.0,0.0
444332,2023,2023-10-08,HOME_TEAM,3.0,0.0,2.0,0.0
444326,2023,2023-10-08,HOME_TEAM,2.0,1.0,1.0,0.0
444330,2023,2023-10-08,HOME_TEAM,3.0,2.0,2.0,1.0
444324,2023,2023-10-08,AWAY_TEAM,1.0,4.0,0.0,2.0
444333,2023,2023-10-08,AWAY_TEAM,1.0,3.0,1.0,1.0
444337,2023,2023-10-21,AWAY_TEAM,1.0,3.0,0.0,2.0
444342,2023,2023-10-21,AWAY_TEAM,0.0,3.0,0.0,0.0
444341,2023,2023-10-21,AWAY_TEAM,0.0,2.0,0.0,2.0
444339,2023,2023-10-22,HOME_TEAM,1.0,0.0,0.0,0.0
444335,2023,2023-10-22,HOME_TEAM,2.0,1.0,2.0,0.0
444340,2023,2023-10-22,DRAW,2.0,2.0,0.0,0.0
444334,2023,2023-10-22,HOME_TEAM,2.0,0.0,0.0,0.0
444338,2023,2023-10-22,AWAY_TEAM,0.0,1.0,0.0,0.0
444343,2023,2023-10-23,DRAW,1.0,1.0,0.0,0.0
444336,2023,2023-10-23,AWAY_TEAM,0.0,2.0,0.0,1.0
444346,2023,2023-10-27,HOME_TEAM,1.0,0.0,1.0,0.0
444353,2023,2023-10-28,DRAW,1.0,1.0,1.0,1.0
444350,2023,2023-10-28,AWAY_TEAM,0.0,1.0,0.0,1.0
444348,2023,2023-10-28,HOME_TEAM,1.0,0.0,0.0,0.0
444344,2023,2023-10-29,HOME_TEAM,4.0,3.0,0.0,2.0
444351,2023,2023-10-29,DRAW,1.0,1.0,1.0,0.0
444347,2023,2023-10-29,HOME_TEAM,1.0,0.0,0.0,0.0
444352,2023,2023-10-29,DRAW,2.0,2.0,0.0,2.0
444345,2023,2023-10-30,AWAY_TEAM,0.0,3.0,0.0,2.0
444349,2023,2023-10-30,HOME_TEAM,1.0,0.0,0.0,0.0
444355,2023,2023-11-03,HOME_TEAM,1.0,0.0,0.0,0.0
444362,2023,2023-11-04,AWAY_TEAM,0.0,2.0,0.0,1.0
444354,2023,2023-11-04,AWAY_TEAM,1.0,2.0,0.0,1.0
444360,2023,2023-11-04,AWAY_TEAM,0.0,1.0,0.0,0.0
444359,2023,2023-11-05,AWAY_TEAM,1.0,3.0,0.0,1.0
444356,2023,2023-11-05,HOME_TEAM,2.0,1.0,0.0,0.0
444361,2023,2023-11-05,HOME_TEAM,2.0,1.0,0.0,0.0
444357,2023,2023-11-05,AWAY_TEAM,0.0,1.0,0.0,1.0
444358,2023,2023-11-06,HOME_TEAM,2.0,1.0,0.0,0.0
444363,2023,2023-11-06,HOME_TEAM,2.0,1.0,1.0,1.0
444372,2023,2023-11-10,DRAW,2.0,2.0,1.0,2.0
444365,2023,2023-11-10,HOME_TEAM,1.0,0.0,1.0,0.0
444369,2023,2023-11-11,DRAW,2.0,2.0,0.0,2.0
444367,2023,2023-11-11,HOME_TEAM,2.0,1.0,0.0,0.0
444370,2023,2023-11-11,DRAW,1.0,1.0,0.0,0.0
444371,2023,2023-11-12,AWAY_TEAM,0.0,1.0,0.0,0.0
444364,2023,2023-11-12,HOME_TEAM,2.0,1.0,1.0,1.0
444373,2023,2023-11-12,DRAW,1.0,1.0,1.0,0.0
444368,2023,2023-11-12,DRAW,0.0,0.0,0.0,0.0
444366,2023,2023-11-12,HOME_TEAM,2.0,0.0,1.0,0.0
444383,2023,2023-11-25,HOME_TEAM,2.0,1.0,0.0,1.0
444374,2023,2023-11-25,AWAY_TEAM,1.0,2.0,0.0,1.0
444381,2023,2023-11-25,HOME_TEAM,1.0,0.0,1.0,0.0
444376,2023,2023-11-26,DRAW,1.0,1.0,1.0,0.0
444377,2023,2023-11-26,AWAY_TEAM,3.0,4.0,2.0,2.0
444378,2023,2023-11-26,HOME_TEAM,2.0,1.0,1.0,1.0
444382,2023,2023-11-26,HOME_TEAM,3.0,1.0,1.0,0.0
444380,2023,2023-11-26,DRAW,1.0,1.0,1.0,1.0
444379,2023,2023-11-27,DRAW,2.0,2.0,1.0,1.0
444375,2023,2023-11-27,HOME_TEAM,2.0,0.0,0.0,0.0
444389,2023,2023-12-01,AWAY_TEAM,1.0,2.0,0.0,1.0
444385,2023,2023-12-02,DRAW,1.0,1.0,1.0,0.0
444386,2023,2023-12-02,HOME_TEAM,1.0,0.0,1.0,0.0
444388,2023,2023-12-02,HOME_TEAM,3.0,1.0,1.0,0.0
444387,2023,2023-12-03,DRAW,1.0,1.0,0.0,0.0
444384,2023,2023-12-03,HOME_TEAM,3.0,0.0,2.0,0.0
444393,2023,2023-12-03,DRAW,3.0,3.0,2.0,1.0
444391,2023,2023-12-03,AWAY_TEAM,1.0,2.0,1.0,0.0
444390,2023,2023-12-03,AWAY_TEAM,0.0,3.0,0.0,1.0
444392,2023,2023-12-04,HOME_TEAM,3.0,0.0,1.0,0.0
444400,2023,2023-12-08,HOME_TEAM,1.0,0.0,0.0,0.0
444398,2023,2023-12-09,DRAW,1.0,1.0,0.0,1.0
444394,2023,2023-12-09,HOME_TEAM,3.0,2.0,1.0,1.0
444399,2023,2023-12-09,HOME_TEAM,4.0,0.0,3.0,0.0
444397,2023,2023-12-10,DRAW,0.0,0.0,0.0,0.0
444401,2023,2023-12-10,HOME_TEAM,1.0,0.0,0.0,0.0
444403,2023,2023-12-10,AWAY_TEAM,1.0,2.0,0.0,2.0
444402,2023,2023-12-10,DRAW,1.0,1.0,1.0,0.0
444396,2023,2023-12-11,DRAW,1.0,1.0,0.0,0.0
444395,2023,2023-12-11,HOME_TEAM,2.0,1.0,0.0,1.0
444407,2023,2023-12-15,DRAW,1.0,1.0,0.0,1.0
444409,2023,2023-12-16,HOME_TEAM,2.0,1.0,1.0,1.0
444411,2023,2023-12-16,HOME_TEAM,2.0,1.0,0.0,0.0
444412,2023,2023-12-16,HOME_TEAM,1.0,0.0,1.0,0.0
444410,2023,2023-12-17,HOME_TEAM,3.0,0.0,2.0,0.0
444406,2023,2023-12-17,HOME_TEAM,1.0,0.0,0.0,0.0
444413,2023,2023-12-17,DRAW,2.0,2.0,1.0,0.0
444405,2023,2023-12-17,HOME_TEAM,2.0,0.0,1.0,0.0
444408,2023,2023-12-17,AWAY_TEAM,0.0,2.0,0.0,1.0
444404,2023,2023-12-18,HOME_TEAM,4.0,1.0,0.0,1.0
444422,2023,2023-12-22,AWAY_TEAM,1.0,2.0,1.0,0.0
444415,2023,2023-12-22,AWAY_TEAM,0.0,2.0,0.0,1.0
444419,2023,2023-12-22,AWAY_TEAM,0.0,1.0,0.0,1.0
444421,2023,2023-12-22,DRAW,2.0,2.0,1.0,1.0
444416,2023,2023-12-23,AWAY_TEAM,1.0,2.0,0.0,1.0
444423,2023,2023-12-23,DRAW,1.0,1.0,0.0,0.0
444414,2023,2023-12-23,HOME_TEAM,1.0,0.0,0.0,0.0
444417,2023,2023-12-23,HOME_TEAM,2.0,0.0,0.0,0.0
444418,2023,2023-12-23,HOME_TEAM,2.0,0.0,1.0,0.0
444420,2023,2023-12-23,HOME_TEAM,2.0,0.0,0.0,0.0
444426,2023,2023-12-29,HOME_TEAM,1.0,0.0,0.0,0.0
444432,2023,2023-12-29,DRAW,0.0,0.0,0.0,0.0
444427,2023,2023-12-29,DRAW,1.0,1.0,1.0,1.0
444430,2023,2023-12-29,HOME_TEAM,3.0,1.0,0.0,0.0
444424,2023,2023-12-30,HOME_TEAM,1.0,0.0,0.0,0.0
444425,2023,2023-12-30,DRAW,0.0,0.0,0.0,0.0
444433,2023,2023-12-30,HOME_TEAM,3.0,0.0,1.0,0.0
444428,2023,2023-12-30,AWAY_TEAM,0.0,1.0,0.0,0.0
444431,2023,2023-12-30,HOME_TEAM,1.0,0.0,0.0,0.0
444429,2023,2023-12-30,HOME_TEAM,1.0,0.0,0.0,0.0
444434,2023,2024-01-05,DRAW,1.0,1.0,0.0,1.0
444437,2023,2024-01-06,HOME_TEAM,2.0,1.0,1.0,0.0
444436,2023,2024-01-06,AWAY_TEAM,2.0,3.0,0.0,2.0
444438,2023,2024-01-06,DRAW,1.0,1.0,1.0,0.0
444441,2023,2024-01-06,HOME_TEAM,1.0,0.0,1.0,0.0
444435,2023,2024-01-07,AWAY_TEAM,0.0,3.0,0.0,2.0
444442,2023,2024-01-07,HOME_TEAM,3.0,0.0,1.0,0.0
444443,2023,2024-01-07,AWAY_TEAM,1.0,2.0,0.0,1.0
444440,2023,2024-01-07,AWAY_TEAM,1.0,2.0,1.0,0.0
444439,2023,2024-01-07,DRAW,1.0,1.0,1.0,1.0
444447,2023,2024-01-13,DRAW,0.0,0.0,0.0,0.0
444453,2023,2024-01-13,HOME_TEAM,2.0,1.0,1.0,1.0
444448,2023,2024-01-13,HOME_TEAM,2.0,1.0,1.0,0.0
444452,2023,2024-01-13,AWAY_TEAM,1.0,5.0,0.0,2.0
444450,2023,2024-01-14,HOME_TEAM,1.0,0.0,0.0,0.0
444445,2023,2024-01-14,HOME_TEAM,2.0,1.0,1.0,1.0
444446,2023,2024-01-14,DRAW,2.0,2.0,0.0,1.0
444451,2023,2024-01-14,HOME_TEAM,3.0,1.0,1.0,0.0
444444,2023,2024-01-15,HOME_TEAM,5.0,0.0,3.0,0.0
444449,2023,2024-01-16,HOME_TEAM,3.0,0.0,2.0,0.0
444459,2023,2024-01-20,HOME_TEAM,2.0,1.0,2.0,0.0
444463,2023,2024-01-20,AWAY_TEAM,2.0,3.0,1.0,1.0
444456,2023,2024-01-21,HOME_TEAM,3.0,1.0,0.0,1.0
444455,2023,2024-01-21,HOME_TEAM,3.0,0.0,2.0,0.0
444460,2023,2024-01-21,AWAY_TEAM,1.0,2.0,1.0,1.0
444458,2023,2024-01-21,AWAY_TEAM,0.0,3.0,0.0,0.0
444465,2023,2024-01-26,AWAY_TEAM,1.0,2.0,0.0,2.0
444464,2023,2024-01-27,HOME_TEAM,2.0,0.0,2.0,0.0
444469,2023,2024-01-27,DRAW,1.0,1.0,0.0,0.0
444471,2023,2024-01-27,DRAW,2.0,2.0,1.0,1.0
444467,2023,2024-01-28,HOME_TEAM,2.0,1.0,0.0,1.0
444468,2023,2024-01-28,DRAW,1.0,1.0,1.0,0.0
444472,2023,2024-01-28,HOME_TEAM,1.0,0.0,1.0,0.0
444470,2023,2024-01-28,DRAW,0.0,0.0,0.0,0.0
444466,2023,2024-01-28,AWAY_TEAM,0.0,1.0,0.0,1.0
444473,2023,2024-01-29,AWAY_TEAM,1.0,2.0,0.0,0.0
444479,2023,2024-02-02,HOME_TEAM,3.0,2.0,1.0,0.0
444476,2023,2024-02-03,DRAW,0.0,0.0,0.0,0.0
444483,2023,2024-02-03,DRAW,0.0,0.0,0.0,0.0
444477,2023,2024-02-03,AWAY_TEAM,2.0,3.0,1.0,1.0
444475,2023,2024-02-03,HOME_TEAM,4.0,2.0,1.0,2.0
444482,2023,2024-02-04,DRAW,0.0,0.0,0.0,0.0
444480,2023,2024-02-04,HOME_TEAM,2.0,1.0,0.0,0.0
444474,2023,2024-02-04,HOME_TEAM,3.0,1.0,2.0,0.0
444478,2023,2024-02-04,HOME_TEAM,1.0,0.0,1.0,0.0
444481,2023,2024-02-05,HOME_TEAM,4.0,0.0,2.0,0.0
444492,2023,2024-02-09,AWAY_TEAM,1.0,3.0,0.0,1.0
444485,2023,2024-02-10,AWAY_TEAM,1.0,3.0,0.0,1.0
444491,2023,2024-02-10,AWAY_TEAM,2.0,4.0,2.0,1.0
444493,2023,2024-02-10,DRAW,1.0,1.0,1.0,1.0
444486,2023,2024-02-11,HOME_TEAM,5.0,1.0,3.0,0.0
444484,2023,2024-02-11,HOME_TEAM,4.0,0.0,2.0,0.0
444490,2023,2024-02-11,DRAW,0.0,0.0,0.0,0.0
444487,2023,2024-02-11,AWAY_TEAM,1.0,4.0,0.0,1.0
444489,2023,2024-02-11,HOME_TEAM,1.0,0.0,1.0,0.0
444488,2023,2024-02-12,AWAY_TEAM,0.0,1.0,0.0,1.0
444454,2023,2024-02-14,HOME_TEAM,2.0,0.0,1.0,0.0
444502,2023,2024-02-16,HOME_TEAM,2.0,0.0,0.0,0.0
444498,2023,2024-02-16,HOME_TEAM,4.0,0.0,3.0,0.0
444501,2023,2024-02-17,DRAW,1.0,1.0,0.0,0.0
444497,2023,2024-02-17,DRAW,2.0,2.0,1.0,1.0
444494,2023,2024-02-17,HOME_TEAM,3.0,0.0,1.0,0.0
444499,2023,2024-02-18,AWAY_TEAM,1.0,2.0,1.0,1.0
444495,2023,2024-02-18,DRAW,1.0,1.0,0.0,1.0
444503,2023,2024-02-18,DRAW,1.0,1.0,1.0,1.0
444496,2023,2024-02-18,AWAY_TEAM,0.0,3.0,0.0,1.0
444500,2023,2024-02-18,HOME_TEAM,4.0,2.0,2.0,0.0
444462,2023,2024-02-22,AWAY_TEAM,0.0,2.0,0.0,0.0
444504,2023,2024-02-23,HOME_TEAM,2.0,0.0,1.0,0.0
444513,2023,2024-02-24,AWAY_TEAM,2.0,3.0,0.0,1.0
444512,2023,2024-02-24,AWAY_TEAM,0.0,2.0,0.0,0.0
444507,2023,2024-02-24,HOME_TEAM,2.0,0.0,2.0,0.0
444508,2023,2024-02-25,HOME_TEAM,3.0,2.0,2.0,2.0
444505,2023,2024-02-25,DRAW,1.0,1.0,0.0,0.0
444509,2023,2024-02-25,AWAY_TEAM,0.0,4.0,0.0,1.0
444510,2023,2024-02-25,DRAW,1.0,1.0,1.0,1.0
444511,2023,2024-02-26,HOME_TEAM,3.0,2.0,1.0,1.0
444506,2023,2024-02-26,HOME_TEAM,2.0,1.0,0.0,1.0
444461,2023,2024-02-28,AWAY_TEAM,1.0,6.0,1.0,3.0
444457,2023,2024-02-28,HOME_TEAM,4.0,0.0,2.0,0.0
444519,2023,2024-03-01,AWAY_TEAM,0.0,1.0,0.0,0.0
444523,2023,2024-03-02,DRAW,1.0,1.0,1.0,1.0
444520,2023,2024-03-02,AWAY_TEAM,1.0,4.0,0.0,2.0
444522,2023,2024-03-02,DRAW,0.0,0.0,0.0,0.0
444517,2023,2024-03-03,HOME_TEAM,1.0,0.0,0.0,0.0
444515,2023,2024-03-03,AWAY_TEAM,0.0,1.0,0.0,0.0
444516,2023,2024-03-03,DRAW,1.0,1.0,1.0,0.0
444514,2023,2024-03-03,AWAY_TEAM,1.0,2.0,1.0,0.0
444521,2023,2024-03-03,HOME_TEAM,2.0,1.0,1.0,0.0
444518,2023,2024-03-04,HOME_TEAM,2.0,1.0,2.0,0.0
444532,2023,2024-03-08,DRAW,1.0,1.0,0.0,0.0
444525,2023,2024-03-09,HOME_TEAM,4.0,2.0,2.0,0.0
444533,2023,2024-03-09,HOME_TEAM,1.0,0.0,0.0,0.0
444524,2023,2024-03-09,AWAY_TEAM,0.0,1.0,0.0,1.0
444527,2023,2024-03-09,AWAY_TEAM,2.0,3.0,0.0,2.0
444530,2023,2024-03-10,AWAY_TEAM,0.0,1.0,0.0,1.0
444531,2023,2024-03-10,HOME_TEAM,1.0,0.0,1.0,0.0
444528,2023,2024-03-10,DRAW,2.0,2.0,0.0,1.0
444526,2023,2024-03-10,DRAW,2.0,2.0,1.0,0.0
444529,2023,2024-03-11,AWAY_TEAM,1.0,2.0,0.0,0.0
444535,2023,2024-03-15,AWAY_TEAM,0.0,1.0,0.0,0.0
444540,2023,2024-03-16,HOME_TEAM,1.0,0.0,1.0,0.0
444543,2023,2024-03-16,AWAY_TEAM,0.0,2.0,0.0,1.0
444542,2023,2024-03-16,AWAY_TEAM,0.0,1.0,0.0,1.0
444536,2023,2024-03-16,AWAY_TEAM,2.0,3.0,1.0,1.0
444539,2023,2024-03-17,DRAW,0.0,0.0,0.0,0.0
444537,2023,2024-03-17,AWAY_TEAM,1.0,3.0,0.0,1.0
444541,2023,2024-03-17,HOME_TEAM,1.0,0.0,0.0,0.0
444538,2023,2024-03-17,DRAW,1.0,1.0,1.0,0.0
444551,2023,2024-03-30,AWAY_TEAM,0.0,3.0,0.0,2.0
444547,2023,2024-03-30,DRAW,1.0,1.0,1.0,1.0
444553,2023,2024-03-30,HOME_TEAM,1.0,0.0,0.0,0.0
444549,2023,2024-03-30,HOME_TEAM,1.0,0.0,0.0,0.0
444546,2023,2024-03-30,AWAY_TEAM,1.0,2.0,0.0,0.0
444544,2023,2024-04-01,HOME_TEAM,3.0,0.0,2.0,0.0
444545,2023,2024-04-01,DRAW,1.0,1.0,0.0,1.0
444552,2023,2024-04-01,DRAW,1.0,1.0,1.0,1.0
444550,2023,2024-04-01,DRAW,0.0,0.0,0.0,0.0
444548,2023,2024-04-01,HOME_TEAM,2.0,0.0,1.0,0.0
444562,2023,2024-04-05,DRAW,2.0,2.0,0.0,2.0
444559,2023,2024-04-06,HOME_TEAM,3.0,0.0,2.0,0.0
444561,2023,2024-04-06,HOME_TEAM,1.0,0.0,1.0,0.0
444555,2023,2024-04-06,HOME_TEAM,3.0,2.0,1.0,0.0
444556,2023,2024-04-07,DRAW,0.0,0.0,0.0,0.0
444560,2023,2024-04-07,AWAY_TEAM,2.0,4.0,1.0,0.0
444554,2023,2024-04-07,HOME_TEAM,2.0,1.0,1.0,1.0
444557,2023,2024-04-07,AWAY_TEAM,1.0,2.0,1.0,1.0
444558,2023,2024-04-07,HOME_TEAM,1.0,0.0,1.0,0.0
444563,2023,2024-04-08,AWAY_TEAM,1.0,2.0,1.0,0.0
444568,2023,2024-04-12,HOME_TEAM,4.0,1.0,3.0,1.0
444569,2023,2024-04-13,HOME_TEAM,1.0,0.0,0.0,0.0
444572,2023,2024-04-13,DRAW,0.0,0.0,0.0,0.0
444565,2023,2024-04-13,DRAW,0.0,0.0,0.0,0.0
444570,2023,2024-04-14,DRAW,2.0,2.0,1.0,0.0
444571,2023,2024-04-14,DRAW,3.0,3.0,2.0,1.0
444567,2023,2024-04-14,DRAW,2.0,2.0,1.0,0.0
444566,2023,2024-04-15,DRAW,1.0,1.0,0.0,1.0
444564,2023,2024-04-15,DRAW,2.0,2.0,2.0,0.0
444576,2023,2024-04-19,AWAY_TEAM,0.0,1.0,0.0,0.0
444574,2023,2024-04-19,DRAW,2.0,2.0,2.0,0.0
444575,2023,2024-04-20,HOME_TEAM,1.0,0.0,1.0,0.0
444577,2023,2024-04-20,HOME_TEAM,1.0,0.0,0.0,0.0
444582,2023,2024-04-21,AWAY_TEAM,0.0,3.0,0.0,2.0
444583,2023,2024-04-21,DRAW,0.0,0.0,0.0,0.0
444581,2023,2024-04-21,AWAY_TEAM,0.0,2.0,0.0,0.0
444579,2023,2024-04-21,AWAY_TEAM,1.0,2.0,0.0,1.0
444580,2023,2024-04-22,AWAY_TEAM,1.0,3.0,0.0,2.0
444578,2023,2024-04-22,AWAY_TEAM,1.0,2.0,0.0,1.0
444573,2023,2024-04-25,AWAY_TEAM,1.0,2.0,1.0,0.0
444587,2023,2024-04-26,HOME_TEAM,3.0,0.0,2.0,0.0
444592,2023,2024-04-27,DRAW,1.0,1.0,0.0,0.0
444590,2023,2024-04-27,DRAW,0.0,0.0,0.0,0.0
444591,2023,2024-04-27,HOME_TEAM,1.0,0.0,0.0,0.0
444589,2023,2024-04-28,HOME_TEAM,2.0,0.0,0.0,0.0
444585,2023,2024-04-28,DRAW,1.0,1.0,0.0,1.0
444584,2023,2024-04-28,HOME_TEAM,2.0,0.0,1.0,0.0
444593,2023,2024-04-28,DRAW,2.0,2.0,0.0,0.0
444586,2023,2024-04-28,HOME_TEAM,5.0,1.0,1.0,0.0
444588,2023,2024-04-29,HOME_TEAM,3.0,0.0,2.0,0.0
444602,2023,2024-05-03,DRAW,0.0,0.0,0.0,0.0
444598,2023,2024-05-04,DRAW,2.0,2.0,0.0,1.0
444601,2023,2024-05-04,HOME_TEAM,1.0,0.0,1.0,0.0
444594,2023,2024-05-05,DRAW,1.0,1.0,1.0,0.0
444595,2023,2024-05-05,DRAW,0.0,0.0,0.0,0.0
444596,2023,2024-05-05,HOME_TEAM,2.0,1.0,1.0,1.0
444597,2023,2024-05-05,DRAW,3.0,3.0,1.0,1.0
444599,2023,2024-05-05,DRAW,1.0,1.0,1.0,1.0
444600,2023,2024-05-06,AWAY_TEAM,1.0,2.0,1.0,0.0
444603,2023,2024-05-06,DRAW,1.0,1.0,0.0,0.0
444606,2023,2024-05-10,AWAY_TEAM,0.0,5.0,0.0,1.0
444613,2023,2024-05-11,AWAY_TEAM,0.0,2.0,0.0,2.0
444612,2023,2024-05-11,HOME_TEAM,5.0,1.0,1.0,0.0
444610,2023,2024-05-12,HOME_TEAM,2.0,0.0,1.0,0.0
444607,2023,2024-05-12,HOME_TEAM,2.0,1.0,0.0,1.0
444608,2023,2024-05-12,AWAY_TEAM,1.0,2.0,0.0,0.0
444609,2023,2024-05-12,DRAW,1.0,1.0,0.0,1.0
444604,2023,2024-05-12,HOME_TEAM,2.0,1.0,2.0,0.0
444611,2023,2024-05-13,AWAY_TEAM,0.0,2.0,0.0,1.0
444605,2023,2024-05-13,HOME_TEAM,2.0,1.0,1.0,1.0
444615,2023,2024-05-17,DRAW,2.0,2.0,2.0,1.0
444617,2023,2024-05-18,AWAY_TEAM,0.0,2.0,0.0,0.0
444622,2023,2024-05-18,HOME_TEAM,3.0,1.0,2.0,0.0
444621,2023,2024-05-19,AWAY_TEAM,0.0,2.0,0.0,0.0
444618,2023,2024-05-19,AWAY_TEAM,0.0,1.0,0.0,1.0
444623,2023,2024-05-19,DRAW,1.0,1.0,0.0,0.0
444616,2023,2024-05-19,DRAW,1.0,1.0,0.0,1.0
444619,2023,2024-05-19,HOME_TEAM,1.0,0.0,0.0,0.0
444620,2023,2024-05-20,AWAY_TEAM,1.0,2.0,0.0,2.0
444614,2023,2024-05-20,DRAW,3.0,3.0,2.0,0.0
444625,2023,2024-05-23,AWAY_TEAM,2.0,3.0,0.0,1.0
444628,2023,2024-05-24,HOME_TEAM,2.0,0.0,1.0,0.0
444630,2023,2024-05-25,HOME_TEAM,2.0,0.0,2.0,0.0
444632,2023,2024-05-25,DRAW,3.0,3.0,2.0,0.0
444624,2023,2024-05-26,HOME_TEAM,3.0,0.0,2.0,0.0
444633,2023,2024-05-26,DRAW,0.0,0.0,0.0,0.0
444626,2023,2024-05-26,HOME_TEAM,2.0,1.0,1.0,1.0
444627,2023,2024-05-26,AWAY_TEAM,0.0,1.0,0.0,0.0
444629,2023,2024-05-26,DRAW,2.0,2.0,2.0,2.0
444631,2023,2024-05-26,DRAW,1.0,1.0,0.0,0.0
444534,2023,2024-06-02,AWAY_TEAM,2.0,3.0,2.0,3.0
503046,2024,2024-08-17,DRAW,2.0,2.0,1.0,1.0
503052,2024,2024-08-17,DRAW,1.0,1.0,1.0,0.0
503045,2024,2024-08-17,DRAW,0.0,0.0,0.0,0.0
503051,2024,2024-08-17,DRAW,2.0,2.0,0.0,1.0
503043,2024,2024-08-18,DRAW,1.0,1.0,0.0,0.0
503047,2024,2024-08-18,HOME_TEAM,3.0,0.0,0.0,0.0
503044,2024,2024-08-18,DRAW,0.0,0.0,0.0,0.0
503049,2024,2024-08-18,HOME_TEAM,3.0,1.0,2.0,1.0
503050,2024,2024-08-19,AWAY_TEAM,0.0,4.0,0.0,2.0
503048,2024,2024-08-19,HOME_TEAM,3.0,0.0,2.0,0.0
503059,2024,2024-08-24,HOME_TEAM,2.0,1.0,1.0,0.0
503062,2024,2024-08-24,HOME_TEAM,2.0,1.0,1.0,0.0
503056,2024,2024-08-24,HOME_TEAM,2.0,0.0,1.0,0.0
503057,2024,2024-08-24,AWAY_TEAM,0.0,1.0,0.0,1.0
503054,2024,2024-08-25,DRAW,0.0,0.0,0.0,0.0
503061,2024,2024-08-25,HOME_TEAM,2.0,1.0,1.0,1.0
503058,2024,2024-08-25,HOME_TEAM,3.0,0.0,1.0,0.0
503060,2024,2024-08-25,AWAY_TEAM,1.0,2.0,0.0,1.0
503053,2024,2024-08-26,DRAW,1.0,1.0,1.0,0.0
503055,2024,2024-08-26,AWAY_TEAM,0.0,3.0,0.0,2.0
503072,2024,2024-08-30,AWAY_TEAM,0.0,1.0,0.0,0.0
503066,2024,2024-08-30,HOME_TEAM,4.0,0.0,2.0,0.0
503063,2024,2024-08-31,DRAW,1.0,1.0,1.0,1.0
503069,2024,2024-08-31,HOME_TEAM,1.0,0.0,1.0,0.0
503068,2024,2024-08-31,DRAW,2.0,2.0,0.0,1.0
503070,2024,2024-08-31,HOME_TEAM,2.0,1.0,0.0,1.0
503064,2024,2024-09-01,DRAW,2.0,2.0,1.0,2.0
503065,2024,2024-09-01,AWAY_TEAM,0.0,2.0,0.0,0.0
503067,2024,2024-09-01,DRAW,0.0,0.0,0.0,0.0
503071,2024,2024-09-01,HOME_TEAM,1.0,0.0,1.0,0.0
503075,2024,2024-09-14,DRAW,2.0,2.0,1.0,0.0
503076,2024,2024-09-14,DRAW,0.0,0.0,0.0,0.0
503079,2024,2024-09-14,HOME_TEAM,4.0,0.0,4.0,0.0
503077,2024,2024-09-15,DRAW,1.0,1.0,0.0,1.0
503073,2024,2024-09-15,HOME_TEAM,3.0,2.0,3.0,2.0
503082,2024,2024-09-15,DRAW,0.0,0.0,0.0,0.0
503074,2024,2024-09-15,AWAY_TEAM,0.0,4.0,0.0,1.0
503080,2024,2024-09-15,DRAW,1.0,1.0,0.0,0.0
503081,2024,2024-09-16,AWAY_TEAM,2.0,3.0,2.0,0.0
503078,2024,2024-09-16,HOME_TEAM,2.0,1.0,2.0,1.0
503084,2024,2024-09-20,AWAY_TEAM,0.0,2.0,0.0,1.0
503086,2024,2024-09-20,AWAY_TEAM,2.0,3.0,1.0,2.0
503092,2024,2024-09-21,HOME_TEAM,2.0,0.0,0.0,0.0
503088,2024,2024-09-21,DRAW,0.0,0.0,0.0,0.0
503089,2024,2024-09-21,DRAW,2.0,2.0,1.0,0.0
503085,2024,2024-09-22,HOME_TEAM,2.0,1.0,0.0,1.0
503090,2024,2024-09-22,AWAY_TEAM,1.0,2.0,1.0,1.0
503091,2024,2024-09-22,HOME_TEAM,3.0,0.0,1.0,0.0
503087,2024,2024-09-22,AWAY_TEAM,1.0,2.0,1.0,1.0
503083,2024,2024-09-24,AWAY_TEAM,2.0,3.0,1.0,0.0
503097,2024,2024-09-27,HOME_TEAM,3.0,0.0,3.0,0.0
503102,2024,2024-09-28,AWAY_TEAM,2.0,3.0,1.0,2.0
503096,2024,2024-09-28,AWAY_TEAM,0.0,3.0,0.0,0.0
503093,2024,2024-09-28,DRAW,1.0,1.0,0.0,0.0
503101,2024,2024-09-29,AWAY_TEAM,2.0,3.0,0.0,1.0
503094,2024,2024-09-29,HOME_TEAM,3.0,2.0,1.0,0.0
503100,2024,2024-09-29,HOME_TEAM,2.0,1.0,0.0,1.0
503095,2024,2024-09-29,DRAW,0.0,0.0,0.0,0.0
503098,2024,2024-09-29,HOME_TEAM,2.0,0.0,2.0,0.0
503099,2024,2024-09-30,AWAY_TEAM,2.0,3.0,0.0,1.0
503111,2024,2024-10-04,HOME_TEAM,3.0,1.0,1.0,1.0
503106,2024,2024-10-04,HOME_TEAM,2.0,1.0,1.0,1.0
503112,2024,2024-10-05,HOME_TEAM,1.0,0.0,0.0,0.0
503103,2024,2024-10-05,HOME_TEAM,5.0,1.0,1.0,0.0
503107,2024,2024-10-05,HOME_TEAM,3.0,2.0,2.0,1.0
503108,2024,2024-10-06,DRAW,1.0,1.0,1.0,0.0
503104,2024,2024-10-06,DRAW,0.0,0.0,0.0,0.0
503109,2024,2024-10-06,HOME_TEAM,2.0,1.0,1.0,1.0
503110,2024,2024-10-06,DRAW,1.0,1.0,0.0,0.0
503105,2024,2024-10-06,HOME_TEAM,2.0,1.0,1.0,0.0
503114,2024,2024-10-19,DRAW,1.0,1.0,1.0,1.0
503116,2024,2024-10-19,DRAW,2.0,2.0,0.0,1.0
503120,2024,2024-10-19,HOME_TEAM,1.0,0.0,1.0,0.0
503118,2024,2024-10-19,HOME_TEAM,1.0,0.0,0.0,0.0
503115,2024,2024-10-20,AWAY_TEAM,0.0,1.0,0.0,0.0
503119,2024,2024-10-20,AWAY_TEAM,0.0,6.0,0.0,3.0
503122,2024,2024-10-20,AWAY_TEAM,0.0,2.0,0.0,1.0
503113,2024,2024-10-20,HOME_TEAM,3.0,2.0,1.0,1.0
503121,2024,2024-10-20,AWAY_TEAM,0.0,1.0,0.0,0.0
503117,2024,2024-10-21,AWAY_TEAM,0.0,3.0,0.0,1.0
503132,2024,2024-10-25,HOME_TEAM,2.0,0.0,1.0,0.0
503131,2024,2024-10-25,HOME_TEAM,1.0,0.0,0.0,0.0
503124,2024,2024-10-26,,,,,
503129,2024,2024-10-26,HOME_TEAM,1.0,0.0,0.0,0.0
503123,2024,2024-10-26,HOME_TEAM,6.0,1.0,5.0,1.0
503130,2024,2024-10-27,DRAW,1.0,1.0,0.0,1.0
503127,2024,2024-10-27,HOME_TEAM,3.0,0.0,1.0,0.0
503128,2024,2024-10-27,DRAW,2.0,2.0,2.0,2.0
503126,2024,2024-10-27,DRAW,4.0,4.0,3.0,2.0
503125,2024,2024-10-27,HOME_TEAM,5.0,1.0,3.0,1.0
503134,2024,2024-10-29,AWAY_TEAM,0.0,2.0,0.0,1.0
503139,2024,2024-10-29,HOME_TEAM,1.0,0.0,0.0,0.0
503140,2024,2024-10-29,AWAY_TEAM,0.0,2.0,0.0,2.0
503136,2024,2024-10-30,AWAY_TEAM,0.0,3.0,0.0,0.0
503142,2024,2024-10-30,HOME_TEAM,3.0,2.0,1.0,2.0
503133,2024,2024-10-30,HOME_TEAM,2.0,0.0,0.0,0.0
503138,2024,2024-10-30,DRAW,2.0,2.0,1.0,2.0
503137,2024,2024-10-31,AWAY_TEAM,0.0,1.0,0.0,0.0
503135,2024,2024-10-31,AWAY_TEAM,1.0,5.0,0.0,2.0
503141,2024,2024-10-31,HOME_TEAM,1.0,0.0,1.0,0.0
503143,2024,2024-11-02,HOME_TEAM,1.0,0.0,0.0,0.0
503152,2024,2024-11-02,AWAY_TEAM,0.0,2.0,0.0,2.0
503148,2024,2024-11-02,AWAY_TEAM,0.0,1.0,0.0,1.0
503149,2024,2024-11-03,AWAY_TEAM,0.0,3.0,0.0,2.0
503151,2024,2024-11-03,AWAY_TEAM,0.0,1.0,0.0,1.0
503145,2024,2024-11-03,HOME_TEAM,3.0,2.0,2.0,1.0
503146,2024,2024-11-03,HOME_TEAM,1.0,0.0,0.0,0.0
503144,2024,2024-11-04,HOME_TEAM,1.0,0.0,0.0,0.0
503150,2024,2024-11-04,AWAY_TEAM,0.0,1.0,0.0,0.0
503147,2024,2024-11-04,HOME_TEAM,2.0,1.0,1.0,1.0
503156,2024,2024-11-07,DRAW,1.0,1.0,0.0,1.0
503159,2024,2024-11-08,DRAW,1.0,1.0,0.0,1.0
503162,2024,2024-11-09,AWAY_TEAM,1.0,2.0,1.0,1.0
503154,2024,2024-11-09,DRAW,3.0,3.0,1.0,2.0
503158,2024,2024-11-09,HOME_TEAM,2.0,0.0,1.0,0.0
503153,2024,2024-11-10,HOME_TEAM,2.0,1.0,0.0,1.0
503155,2024,2024-11-10,HOME_TEAM,3.0,1.0,1.0,1.0
503161,2024,2024-11-10,AWAY_TEAM,2.0,3.0,0.0,1.0
503160,2024,2024-11-10,AWAY_TEAM,0.0,1.0,0.0,1.0
503157,2024,2024-11-10,DRAW,1.0,1.0,1.0,1.0
503166,2024,2024-11-23,AWAY_TEAM,0.0,5.0,0.0,5.0
503168,2024,2024-11-23,DRAW,0.0,0.0,0.0,0.0
503170,2024,2024-11-23,AWAY_TEAM,1.0,3.0,0.0,2.0
503165,2024,2024-11-24,DRAW,2.0,2.0,1.0,1.0
503163,2024,2024-11-24,AWAY_TEAM,0.0,2.0,0.0,1.0
503171,2024,2024-11-24,DRAW,1.0,1.0,0.0,0.0
503169,2024,2024-11-24,HOME_TEAM,1.0,0.0,0.0,0.0
503167,2024,2024-11-24,HOME_TEAM,3.0,0.0,0.0,0.0
503164,2024,2024-11-25,DRAW,1.0,1.0,1.0,0.0
503172,2024,2024-11-25,AWAY_TEAM,0.0,1.0,0.0,0.0
503174,2024,2024-11-29,HOME_TEAM,1.0,0.0,0.0,0.0
503175,2024,2024-11-30,DRAW,1.0,1.0,1.0,0.0
503178,2024,2024-11-30,HOME_TEAM,3.0,0.0,2.0,0.0
503173,2024,2024-11-30,HOME_TEAM,3.0,0.0,1.0,0.0
503182,2024,2024-12-01,AWAY_TEAM,0.0,2.0,0.0,1.0
503179,2024,2024-12-01,HOME_TEAM,3.0,1.0,1.0,0.0
503181,2024,2024-12-01,AWAY_TEAM,0.0,1.0,0.0,1.0
503176,2024,2024-12-01,DRAW,0.0,0.0,,
503177,2024,2024-12-01,DRAW,1.0,1.0,0.0,0.0
503180,2024,2024-12-02,AWAY_TEAM,0.0,2.0,0.0,0.0
503187,2024,2024-12-06,HOME_TEAM,3.0,1.0,1.0,0.0
503183,2024,2024-12-06,HOME_TEAM,2.0,1.0,1.0,1.0
503185,2024,2024-12-07,DRAW,0.0,0.0,0.0,0.0
503188,2024,2024-12-07,DRAW,2.0,2.0,0.0,1.0
503191,2024,2024-12-07,HOME_TEAM,4.0,1.0,1.0,1.0
503184,2024,2024-12-08,HOME_TEAM,1.0,0.0,1.0,0.0
503186,2024,2024-12-08,AWAY_TEAM,1.0,4.0,1.0,4.0
503192,2024,2024-12-08,DRAW,2.0,2.0,1.0,0.0
503190,2024,2024-12-08,AWAY_TEAM,0.0,1.0,0.0,0.0
503189,2024,2024-12-09,AWAY_TEAM,1.0,2.0,0.0,1.0
503196,2024,2024-12-13,AWAY_TEAM,0.0,1.0,0.0,0.0
503194,2024,2024-12-14,AWAY_TEAM,0.0,1.0,0.0,0.0
503202,2024,2024-12-14,AWAY_TEAM,1.0,3.0,1.0,0.0
503197,2024,2024-12-14,DRAW,2.0,2.0,1.0,0.0
503199,2024,2024-12-15,HOME_TEAM,2.0,1.0,2.0,1.0
503193,2024,2024-12-15,HOME_TEAM,1.0,0.0,0.0,0.0
503201,2024,2024-12-15,AWAY_TEAM,2.0,3.0,1.0,1.0
503195,2024,2024-12-15,HOME_TEAM,2.0,0.0,0.0,0.0
503200,2024,2024-12-15,DRAW,0.0,0.0,0.0,0.0
503198,2024,2024-12-16,AWAY_TEAM,0.0,6.0,0.0,2.0
503206,2024,2024-12-20,AWAY_TEAM,0.0,1.0,0.0,0.0
503211,2024,2024-12-21,AWAY_TEAM,0.0,2.0,0.0,0.0
503205,2024,2024-12-21,AWAY_TEAM,1.0,2.0,0.0,2.0
503208,2024,2024-12-21,AWAY_TEAM,1.0,2.0,0.0,1.0
503210,2024,2024-12-22,HOME_TEAM,5.0,0.0,2.0,0.0
503212,2024,2024-12-22,HOME_TEAM,2.0,1.0,1.0,0.0
503203,2024,2024-12-22,HOME_TEAM,3.0,2.0,2.0,1.0
503209,2024,2024-12-22,AWAY_TEAM,1.0,2.0,1.0,2.0
503204,2024,2024-12-23,AWAY_TEAM,1.0,2.0,1.0,0.0
503207,2024,2024-12-23,HOME_TEAM,2.0,0.0,0.0,0.0
503216,2024,2024-12-28,AWAY_TEAM,1.0,2.0,0.0,0.0
503221,2024,2024-12-28,HOME_TEAM,2.0,1.0,0.0,0.0
503214,2024,2024-12-28,AWAY_TEAM,0.0,3.0,0.0,0.0
503218,2024,2024-12-28,DRAW,1.0,1.0,1.0,0.0
503222,2024,2024-12-29,DRAW,2.0,2.0,1.0,0.0
503220,2024,2024-12-29,HOME_TEAM,1.0,0.0,0.0,0.0
503217,2024,2024-12-29,DRAW,2.0,2.0,1.0,1.0
503219,2024,2024-12-29,DRAW,1.0,1.0,1.0,1.0
503215,2024,2024-12-30,HOME_TEAM,2.0,0.0,0.0,0.0
503213,2024,2024-12-30,AWAY_TEAM,2.0,3.0,1.0,2.0
503232,2024,2025-01-04,DRAW,1.0,1.0,1.0,1.0
503225,2024,2025-01-04,AWAY_TEAM,0.0,3.0,0.0,1.0
503226,2024,2025-01-04,DRAW,0.0,0.0,0.0,0.0
503229,2024,2025-01-05,AWAY_TEAM,1.0,2.0,1.0,1.0
503228,2024,2025-01-05,DRAW,0.0,0.0,0.0,0.0
503231,2024,2025-01-05,DRAW,0.0,0.0,0.0,0.0
503230,2024,2025-01-05,HOME_TEAM,2.0,0.0,2.0,0.0
503236,2024,2025-01-10,,,,,
503234,2024,2025-01-11,,,,,
503241,2024,2025-01-11,,,,,
503240,2024,2025-01-11,,,,,
503237,2024,2025-01-11,,,,,
503235,2024,2025-01-12,,,,,
503242,2024,2025-01-12,,,,,
503233,2024,2025-01-12,,,,,
503239,2024,2025-01-12,,,,,
503238,2024,2025-01-13,,,,,
503224,2024,2025-01-14,,,,,
503223,2024,2025-01-14,,,,,
503227,2024,2025-01-15,,,,,
503252,2024,2025-01-17,,,,,
503244,2024,2025-01-18,,,,,
503250,2024,2025-01-18,,,,,
503243,2024,2025-01-18,,,,,
503247,2024,2025-01-19,,,,,
503245,2024,2025-01-19,,,,,
503251,2024,2025-01-19,,,,,
503248,2024,2025-01-19,,,,,
503249,2024,2025-01-19,,,,,
503246,2024,2025-01-20,,,,,
503260,2024,2025-01-24,,,,,
503253,2024,2025-01-25,,,,,
503259,2024,2025-01-25,,,,,
503254,2024,2025-01-25,,,,,
503258,2024,2025-01-26,,,,,
503261,2024,2025-01-26,,,,,
503257,2024,2025-01-26,,,,,
503256,2024,2025-01-26,,,,,
503262,2024,2025-01-27,,,,,
503255,2024,2025-01-27,,,,,
503270,2024,2025-01-31,,,,,
503269,2024,2025-02-01,,,,,
503272,2024,2025-02-01,,,,,
503263,2024,2025-02-01,,,,,
503264,2024,2025-02-01,,,,,
503267,2024,2025-02-02,,,,,
503266,2024,2025-02-02,,,,,
503268,2024,2025-02-02,,,,,
503271,2024,2025-02-02,,,,,
503265,2024,2025-02-03,,,,,
503273,2024,2025-02-09,,,,,
503274,2024,2025-02-09,,,,,
503275,2024,2025-02-09,,,,,
503276,2024,2025-02-09,,,,,
503277,2024,2025-02-09,,,,,
503278,2024,2025-02-09,,,,,
503279,2024,2025-02-09,,,,,
503280,2024,2025-02-09,,,,,
503281,2024,2025-02-09,,,,,
503282,2024,2025-02-09,,,,,
503283,2024,2025-02-16,,,,,
503284,2024,2025-02-16,,,,,
503285,2024,2025-02-16,,,,,
503286,2024,2025-02-16,,,,,
503287,2024,2025-02-16,,,,,
503288,2024,2025-02-16,,,,,
503289,2024,2025-02-16,,,,,
503290,2024,2025-02-16,,,,,
503291,2024,2025-02-16,,,,,
503292,2024,2025-02-16,,,,,
503296,2024,2025-02-23,,,,,
503297,2024,2025-02-23,,,,,
503298,2024,2025-02-23,,,,,
503299,2024,2025-02-23,,,,,
503300,2024,2025-02-23,,,,,
503301,2024,2025-02-23,,,,,
503302,2024,2025-02-23,,,,,
503293,2024,2025-02-23,,,,,
503294,2024,2025-02-23,,,,,
503295,2024,2025-02-23,,,,,
503303,2024,2025-03-02,,,,,
503304,2024,2025-03-02,,,,,
503305,2024,2025-03-02,,,,,
503306,2024,2025-03-02,,,,,
503307,2024,2025-03-02,,,,,
503308,2024,2025-03-02,,,,,
503309,2024,2025-03-02,,,,,
503310,2024,2025-03-02,,,,,
503311,2024,2025-03-02,,,,,
503312,2024,2025-03-02,,,,,
503313,2024,2025-03-09,,,,,
503314,2024,2025-03-09,,,,,
503315,2024,2025-03-09,,,,,
503316,2024,2025-03-09,,,,,
503317,2024,2025-03-09,,,,,
503318,2024,2025-03-09,,,,,
503319,2024,2025-03-09,,,,,
503320,2024,2025-03-09,,,,,
503321,2024,2025-03-09,,,,,
503322,2024,2025-03-09,,,,,
503323,2024,2025-03-16,,,,,
503324,2024,2025-03-16,,,,,
503325,2024,2025-03-16,,,,,
503326,2024,2025-03-16,,,,,
503327,2024,2025-03-16,,,,,
503328,2024,2025-03-16,,,,,
503329,2024,2025-03-16,,,,,
503330,2024,2025-03-16,,,,,
503331,2024,2025-03-16,,,,,
503332,2024,2025-03-16,,,,,
503333,2024,2025-03-30,,,,,
503334,2024,2025-03-30,,,,,
503335,2024,2025-03-30,,,,,
503336,2024,2025-03-30,,,,,
503337,2024,2025-03-30,,,,,
503338,2024,2025-03-30,,,,,
503339,2024,2025-03-30,,,,,
503340,2024,2025-03-30,,,,,
503341,2024,2025-03-30,,,,,
503342,2024,2025-03-30,,,,,
503343,2024,2025-04-06,,,,,
503344,2024,2025-04-06,,,,,
503345,2024,2025-04-06,,,,,
503346,2024,2025-04-06,,,,,
503347,2024,2025-04-06,,,,,
503348,2024,2025-04-06,,,,,
503349,2024,2025-04-06,,,,,
503350,2024,2025-04-06,,,,,
503351,2024,2025-04-06,,,,,
503352,2024,2025-04-06,,,,,
503353,2024,2025-04-13,,,,,
503354,2024,2025-04-13,,,,,
503355,2024,2025-04-13,,,,,
503356,2024,2025-04-13,,,,,
503357,2024,2025-04-13,,,,,
503358,2024,2025-04-13,,,,,
503359,2024,2025-04-13,,,,,
503360,2024,2025-04-13,,,,,
503361,2024,2025-04-13,,,,,
503362,2024,2025-04-13,,,,,
503363,2024,2025-04-20,,,,,
503364,2024,2025-04-20,,,,,
503365,2024,2025-04-20,,,,,
503366,2024,2025-04-20,,,,,
503367,2024,2025-04-20,,,,,
503368,2024,2025-04-20,,,,,
503369,2024,2025-04-20,,,,,
503370,2024,2025-04-20,,,,,
503371,2024,2025-04-20,,,,,
503372,2024,2025-04-20,,,,,
503373,2024,2025-04-27,,,,,
503374,2024,2025-04-27,,,,,
503375,2024,2025-04-27,,,,,
503376,2024,2025-04-27,,,,,
503377,2024,2025-04-27,,,,,
503378,2024,2025-04-27,,,,,
503379,2024,2025-04-27,,,,,
503380,2024,2025-04-27,,,,,
503381,2024,2025-04-27,,,,,
503382,2024,2025-04-27,,,,,
503383,2024,2025-05-04,,,,,
503384,2024,2025-05-04,,,,,
503385,2024,2025-05-04,,,,,
503386,2024,2025-05-04,,,,,
503387,2024,2025-05-04,,,,,
503388,2024,2025-05-04,,,,,
503389,2024,2025-05-04,,,,,
503390,2024,2025-05-04,,,,,
503391,2024,2025-05-04,,,,,
503392,2024,2025-05-04,,,,,
503393,2024,2025-05-11,,,,,
503394,2024,2025-05-11,,,,,
503395,2024,2025-05-11,,,,,
503396,2024,2025-05-11,,,,,
503397,2024,2025-05-11,,,,,
503398,2024,2025-05-11,,,,,
503399,2024,2025-05-11,,,,,
503400,2024,2025-05-11,,,,,
503401,2024,2025-05-11,,,,,
503402,2024,2025-05-11,,,,,
503403,2024,2025-05-18,,,,,
503404,2024,2025-05-18,,,,,
503405,2024,2025-05-18,,,,,
503406,2024,2025-05-18,,,,,
503407,2024,2025-05-18,,,,,
503408,2024,2025-05-18,,,,,
503409,2024,2025-05-18,,,,,
503410,2024,2025-05-18,,,,,
503411,2024,2025-05-18,,,,,
503412,2024,2025-05-18,,,,,
503413,2024,2025-05-25,,,,,
503414,2024,2025-05-25,,,,,
503415,2024,2025-05-25,,,,,
503416,2024,2025-05-25,,,,,
503417,2024,2025-05-25,,,,,
503418,2024,2025-05-25,,,,,
503419,2024,2025-05-25,,,,,
503420,2024,2025-05-25,,,,,
503421,2024,2025-05-25,,,,,
503422,2024,2025-05-25,,,,,
